{
  "stations": [
    0.0,
    9.98225,
    19.9645,
    29.94675,
    39.929,
    59.8935,
    79.858,
    99.8225,
    119.787,
    139.7515,
    159.716,
    199.645,
    239.574,
    259.5385,
    279.503,
    299.4675,
    319.432,
    339.3965,
    359.361,
    369.3433,
    379.3255,
    389.3078,
    399.29
  ],
  "waterlines": [
    0.0,
    2.192,
    4.383,
    6.578,
    10.961,
    15.347,
    19.731,
    24.117,
    28.5,
    32.883,
    37.269
  ],
  "half_breadths": [
    [
      0.0,
      0.0,
      0.0,
      0.0,
      0.0,
      0.0,
      0.0,
      4.1,
      6.95,
      9.08,
      10.65
    ],
    [
      0.0,
      0.96,
      1.229,
      1.31,
      1.368,
      1.748,
      3.469,
      7.719,
      11.651,
      14.34,
      16.38
    ],
    [
      0.0,
      1.84,
      2.95,
      3.18,
      4.05,
      5.34,
      7.84,
      12.14,
      15.91,
      18.31,
      20.31
    ],
    [
      0.0,
      3.38,
      4.801,
      5.716,
      7.637,
      9.87,
      12.547,
      16.275,
      19.526,
      21.717,
      23.71
    ],
    [
      0.0,
      5.57,
      7.403,
      8.82,
      11.34,
      13.913,
      16.744,
      19.86,
      22.56,
      24.5,
      26.46
    ],
    [
      0.0,
      10.47,
      13.283,
      15.345,
      18.48,
      21.053,
      23.257,
      25.2,
      26.962,
      28.343,
      29.61
    ],
    [
      4.232,
      16.16,
      19.052,
      21.117,
      23.633,
      25.53,
      27.095,
      28.348,
      29.354,
      30.19,
      30.87
    ],
    [
      9.535,
      21.5,
      24.296,
      26.189,
      28.245,
      29.393,
      30.178,
      30.709,
      31.142,
      31.417,
      31.5
    ],
    [
      13.83,
      25.55,
      28.35,
      29.61,
      31.015,
      31.48,
      31.5,
      31.5,
      31.5,
      31.5,
      31.5
    ],
    [
      17.277,
      27.75,
      30.05,
      30.96,
      31.368,
      31.5,
      31.5,
      31.5,
      31.5,
      31.5,
      31.5
    ],
    [
      20.58,
      28.87,
      30.438,
      31.258,
      31.5,
      31.5,
      31.5,
      31.5,
      31.5,
      31.5,
      31.5
    ],
    [
      22.728,
      30.24,
      31.043,
      31.409,
      31.5,
      31.5,
      31.5,
      31.5,
      31.5,
      31.5,
      31.5
    ],
    [
      22.86,
      30.24,
      31.124,
      31.409,
      31.5,
      31.5,
      31.5,
      31.5,
      31.5,
      31.5,
      31.5
    ],
    [
      22.86,
      30.24,
      31.124,
      31.409,
      31.5,
      31.5,
      31.5,
      31.5,
      31.5,
      31.5,
      31.5
    ],
    [
      22.8,
      29.61,
      30.664,
      31.14,
      31.447,
      31.5,
      31.5,
      31.5,
      31.5,
      31.5,
      31.5
    ],
    [
      21.704,
      28.665,
      29.783,
      30.465,
      31.132,
      31.448,
      31.5,
      31.5,
      31.5,
      31.5,
      31.5
    ],
    [
      16.982,
      25.83,
      27.704,
      28.884,
      30.222,
      30.87,
      31.185,
      31.448,
      31.5,
      31.5,
      31.5
    ],
    [
      9.638,
      20.79,
      23.032,
      24.48,
      26.302,
      27.405,
      28.035,
      28.625,
      29.184,
      29.722,
      30.25
    ],
    [
      3.671,
      14.175,
      16.668,
      18.225,
      20.265,
      21.42,
      22.312,
      23.048,
      23.94,
      25.016,
      26.46
    ],
    [
      1.851,
      10.71,
      13.026,
      14.469,
      16.17,
      17.01,
      17.64,
      18.35,
      19.4,
      20.94,
      22.76
    ],
    [
      0.8,
      7.56,
      9.351,
      10.348,
      11.287,
      11.655,
      12.127,
      12.851,
      13.873,
      15.258,
      17.01
    ],
    [
      0.23,
      5.04,
      6.514,
      7.243,
      7.77,
      7.56,
      7.245,
      7.088,
      7.458,
      8.39,
      9.765
    ],
    [
      0.0,
      3.465,
      4.54,
      4.813,
      4.095,
      2.918,
      1.628,
      0.472,
      0.319,
      1.409,
      3.15
    ]
  ],
  "rho": 1.025,
  "_meta": {
    "source": "69ec3fe06117b_HydroHackathon_PS_File.xlsx",
    "LOA_m": 420.95,
    "LBP_m": 399.29,
    "B_m": 63.0,
    "T_design_m": 28.5,
    "D_m": 37.269,
    "CB_reported": 0.78
  },
  "ship_name": "Hackathon_PS_ULCV"
}